Time,Ne,,,,Sample,Population,Poplabel
0,4.390437334,12157.82249,0.014616,0.015217,Russia_SRR20326404.,4,Russia_SRR20326404._4
5801.096334,4.390437334,12986.61118,0.015613,0.012309,Russia_SRR20326404.,4,Russia_SRR20326404._4
12095.13203,4.390437334,13853.66649,0.016655,0.010748,Russia_SRR20326404.,4,Russia_SRR20326404._4
18923.12838,4.390437334,14757.54154,0.017742,0.011727,Russia_SRR20326404.,4,Russia_SRR20326404._4
26330.20884,9.604074384,7215.879948,0.008675,0.00635,Russia_SRR20326404.,4,Russia_SRR20326404._4
34365.59897,9.604074384,7752.604016,0.00932,0.007815,Russia_SRR20326404.,4,Russia_SRR20326404._4
43083.31015,10.92561304,7320.68224,0.008801,0.007971,Russia_SRR20326404.,4,Russia_SRR20326404._4
52540.08852,10.92561304,7862.798885,0.009453,0.009003,Russia_SRR20326404.,4,Russia_SRR20326404._4
62800.2008,11.66649046,7904.946117,0.009504,0.009368,Russia_SRR20326404.,4,Russia_SRR20326404._4
73930.64845,11.66649046,8481.808198,0.010197,0.010372,Russia_SRR20326404.,4,Russia_SRR20326404._4
86005.26983,10.80171005,9815.186779,0.0118,0.012258,Russia_SRR20326404.,4,Russia_SRR20326404._4
99104.74016,10.80171005,10499.76843,0.012623,0.013295,Russia_SRR20326404.,4,Russia_SRR20326404._4
113315.2042,9.817563866,12333.33598,0.014827,0.015714,Russia_SRR20326404.,4,Russia_SRR20326404._4
128732.3783,9.817563866,13138.5786,0.015795,0.016768,Russia_SRR20326404.,4,Russia_SRR20326404._4
145456.7647,9.104702139,15056.63553,0.018101,0.019144,Russia_SRR20326404.,4,Russia_SRR20326404._4
163601.172,9.104702139,15960.75126,0.019188,0.020247,Russia_SRR20326404.,4,Russia_SRR20326404._4
183285.2456,8.820380982,17422.83888,0.020946,0.021999,Russia_SRR20326404.,4,Russia_SRR20326404._4
204638.8863,8.820380982,18377.15728,0.022093,0.023096,Russia_SRR20326404.,4,Russia_SRR20326404._4
227804.9851,9.062880607,18828.24374,0.022636,0.02353,Russia_SRR20326404.,4,Russia_SRR20326404._4
252936.6881,9.062880607,19778.8465,0.023779,0.024562,Russia_SRR20326404.,4,Russia_SRR20326404._4
280200.8154,9.502911804,19778.16629,0.023778,0.024458,Russia_SRR20326404.,4,Russia_SRR20326404._4
309778.5443,9.502911804,20695.74811,0.024881,0.025452,Russia_SRR20326404.,4,Russia_SRR20326404._4
341866.7771,9.807293001,20933.04983,0.025166,0.025664,Russia_SRR20326404.,4,Russia_SRR20326404._4
376676.7735,9.807293001,21794.10225,0.026201,0.026628,Russia_SRR20326404.,4,Russia_SRR20326404._4
414440.9877,9.72629146,22795.33933,0.027405,0.027821,Russia_SRR20326404.,4,Russia_SRR20326404._4
455409.6495,9.72629146,23551.21534,0.028314,0.028741,Russia_SRR20326404.,4,Russia_SRR20326404._4
499854.867,9.35249258,25171.96457,0.030262,0.030733,Russia_SRR20326404.,4,Russia_SRR20326404._4
548071.3099,9.35249258,25722.59892,0.030924,0.031452,Russia_SRR20326404.,4,Russia_SRR20326404._4
600378.9444,8.941984293,27310.07888,0.032833,0.033413,Russia_SRR20326404.,4,Russia_SRR20326404._4
657125.7678,8.941984293,27522.92262,0.033089,0.033718,Russia_SRR20326404.,4,Russia_SRR20326404._4
718687.1252,8.659885123,28423.72161,0.034172,0.034828,Russia_SRR20326404.,4,Russia_SRR20326404._4
785472.5458,8.659885123,28193.064,0.033894,0.034562,Russia_SRR20326404.,4,Russia_SRR20326404._4
857925.0599,8.546416151,28102.08431,0.033785,0.034443,Russia_SRR20326404.,4,Russia_SRR20326404._4
936525.3003,8.546416151,27396.74175,0.032937,0.033569,Russia_SRR20326404.,4,Russia_SRR20326404._4
1021795.605,8.582006796,26364.87649,0.031696,0.032287,Russia_SRR20326404.,4,Russia_SRR20326404._4
1114301.385,8.582006796,25235.3127,0.030338,0.030877,Russia_SRR20326404.,4,Russia_SRR20326404._4
1214656.591,8.739091982,23499.04551,0.028251,0.028727,Russia_SRR20326404.,4,Russia_SRR20326404._4
1323527.137,8.739091982,22058.99071,0.02652,0.026925,Russia_SRR20326404.,4,Russia_SRR20326404._4
1441635.68,8.982733677,19943.61095,0.023977,0.024312,Russia_SRR20326404.,4,Russia_SRR20326404._4
1569767.096,8.982733677,18334.4824,0.022042,0.022304,Russia_SRR20326404.,4,Russia_SRR20326404._4
1708770.526,9.26117356,16165.30882,0.019434,0.019634,Russia_SRR20326404.,4,Russia_SRR20326404._4
1859568.948,9.26117356,14518.5479,0.017455,0.017592,Russia_SRR20326404.,4,Russia_SRR20326404._4
2023163.967,9.527889739,12509.81708,0.01504,0.015132,Russia_SRR20326404.,4,Russia_SRR20326404._4
2200640.596,9.527889739,10935.42898,0.013147,0.013196,Russia_SRR20326404.,4,Russia_SRR20326404._4
2393176.146,9.751215011,9195.876845,0.011055,0.011078,Russia_SRR20326404.,4,Russia_SRR20326404._4
2602050.482,9.751215011,7783.373711,0.009357,0.009357,Russia_SRR20326404.,4,Russia_SRR20326404._4
2828648.073,9.901898388,6365.6442,0.007653,0.007643,Russia_SRR20326404.,4,Russia_SRR20326404._4
3074473.035,9.901898388,5179.90777,0.006227,0.00621,Russia_SRR20326404.,4,Russia_SRR20326404._4
3341158.013,9.966491406,4090.983951,0.004918,0.004901,Russia_SRR20326404.,4,Russia_SRR20326404._4
3630473.079,9.966491406,3170.988644,0.003812,0.003797,Russia_SRR20326404.,4,Russia_SRR20326404._4
3944336.662,9.956034081,2390.852243,0.002874,0.002863,Russia_SRR20326404.,4,Russia_SRR20326404._4
4284834.011,9.956034081,1745.516253,0.002098,0.002091,Russia_SRR20326404.,4,Russia_SRR20326404._4
4654224.033,9.883889413,1239.365316,0.00149,0.001486,Russia_SRR20326404.,4,Russia_SRR20326404._4
5054957.751,9.883889413,840.749316,0.001011,0.001009,Russia_SRR20326404.,4,Russia_SRR20326404._4
5489696.765,9.721668794,554.941003,0.000667,0.000667,Russia_SRR20326404.,4,Russia_SRR20326404._4
5961324.871,9.721668794,343.255793,0.000413,0.000413,Russia_SRR20326404.,4,Russia_SRR20326404._4
6472972.68,9.721668794,202.448436,0.000243,0.000244,Russia_SRR20326404.,4,Russia_SRR20326404._4
7028036.072,9.721668794,113.393651,0.000136,0.000137,Russia_SRR20326404.,4,Russia_SRR20326404._4
0,3.246684302,16322.99499,0.019728,0.015424,Russia_SRR20326404.,2_2.,Russia_SRR20326404._2_2.
5804.902324,3.246684302,17339.27285,0.020956,0.014475,Russia_SRR20326404.,2_2.,Russia_SRR20326404._2_2.
12102.49941,5.882523523,10201.94513,0.01233,0.008359,Russia_SRR20326404.,2_2.,Russia_SRR20326404._2_2.
18933.84916,5.882523523,10918.13701,0.013195,0.00935,Russia_SRR20326404.,2_2.,Russia_SRR20326404._2_2.
26345.48385,8.01755749,8580.880117,0.010371,0.007736,Russia_SRR20326404.,2_2.,Russia_SRR20326404._2_2.
34385.30436,8.01755749,9200.821287,0.01112,0.009262,Russia_SRR20326404.,2_2.,Russia_SRR20326404._2_2.
43107.37026,10.84148542,7301.325564,0.008824,0.007947,Russia_SRR20326404.,2_2.,Russia_SRR20326404._2_2.
52569.1626,10.84148542,7841.17978,0.009477,0.009007,Russia_SRR20326404.,2_2.,Russia_SRR20326404._2_2.
62833.63683,11.80121376,7733.160322,0.009346,0.009227,Russia_SRR20326404.,2_2.,Russia_SRR20326404._2_2.
73969.22277,11.80121376,8298.34037,0.010029,0.010249,Russia_SRR20326404.,2_2.,Russia_SRR20326404._2_2.
86049.14034,10.86398951,9658.860443,0.011673,0.012191,Russia_SRR20326404.,2_2.,Russia_SRR20326404._2_2.
99153.45243,10.86398951,10333.11236,0.012488,0.013232,Russia_SRR20326404.,2_2.,Russia_SRR20326404._2_2.
113369.7492,9.832036593,12189.95185,0.014733,0.015705,Russia_SRR20326404.,2_2.,Russia_SRR20326404._2_2.
128792.4639,9.832036593,12985.8282,0.015694,0.016758,Russia_SRR20326404.,2_2.,Russia_SRR20326404._2_2.
145522.8726,9.103733266,14904.86786,0.018014,0.019159,Russia_SRR20326404.,2_2.,Russia_SRR20326404._2_2.
163673.2002,9.103733266,15799.38068,0.019095,0.020259,Russia_SRR20326404.,2_2.,Russia_SRR20326404._2_2.
183362.5147,8.817494405,17249.9111,0.020848,0.022015,Russia_SRR20326404.,2_2.,Russia_SRR20326404._2_2.
204722.2013,8.817494405,18194.0621,0.021989,0.023109,Russia_SRR20326404.,2_2.,Russia_SRR20326404._2_2.
227894.594,9.061003504,18637.71702,0.022525,0.023539,Russia_SRR20326404.,2_2.,Russia_SRR20326404._2_2.
253032.2914,9.061003504,19578.00857,0.023662,0.02457,Russia_SRR20326404.,2_2.,Russia_SRR20326404._2_2.
280302.2622,9.50184712,19574.82985,0.023658,0.024463,Russia_SRR20326404.,2_2.,Russia_SRR20326404._2_2.
309885.8455,9.50184712,20482.32196,0.024754,0.025456,Russia_SRR20326404.,2_2.,Russia_SRR20326404._2_2.
341978.7506,9.806943064,20714.9564,0.025036,0.025664,Russia_SRR20326404.,2_2.,Russia_SRR20326404._2_2.
376794.4786,9.806943064,21566.42198,0.026065,0.026628,Russia_SRR20326404.,2_2.,Russia_SRR20326404._2_2.
414563.638,9.72597036,22556.50554,0.027261,0.02782,Russia_SRR20326404.,2_2.,Russia_SRR20326404._2_2.
455536.6819,9.72597036,23303.81649,0.028164,0.02874,Russia_SRR20326404.,2_2.,Russia_SRR20326404._2_2.
499985.2768,9.352320169,24906.50167,0.030101,0.03073,Russia_SRR20326404.,2_2.,Russia_SRR20326404._2_2.
548205.0395,9.352320169,25450.67562,0.030759,0.031448,Russia_SRR20326404.,2_2.,Russia_SRR20326404._2_2.
600515.5374,8.941951155,27020.31747,0.032656,0.033409,Russia_SRR20326404.,2_2.,Russia_SRR20326404._2_2.
657263.0253,8.941951155,27230.29231,0.03291,0.033712,Russia_SRR20326404.,2_2.,Russia_SRR20326404._2_2.
718824.5516,8.659934726,28120.68355,0.033986,0.034822,Russia_SRR20326404.,2_2.,Russia_SRR20326404._2_2.
785608.6424,8.659934726,27891.98266,0.03371,0.034555,Russia_SRR20326404.,2_2.,Russia_SRR20326404._2_2.
858058.0387,8.546605599,27801.11356,0.0336,0.034434,Russia_SRR20326404.,2_2.,Russia_SRR20326404._2_2.
936653.8021,8.546605599,27103.02523,0.032756,0.033561,Russia_SRR20326404.,2_2.,Russia_SRR20326404._2_2.
1021916.684,8.582134677,26082.19999,0.031522,0.032279,Russia_SRR20326404.,2_2.,Russia_SRR20326404._2_2.
1114412.598,8.582134677,24964.62448,0.030172,0.030869,Russia_SRR20326404.,2_2.,Russia_SRR20326404._2_2.
1214754.677,8.739157804,23247.11843,0.028096,0.02872,Russia_SRR20326404.,2_2.,Russia_SRR20326404._2_2.
1323609.426,8.739157804,21822.56169,0.026374,0.026918,Russia_SRR20326404.,2_2.,Russia_SRR20326404._2_2.
1441698.096,8.982729112,19730.15646,0.023845,0.024306,Russia_SRR20326404.,2_2.,Russia_SRR20326404._2_2.
1569804.893,8.982729112,18138.46524,0.021922,0.022299,Russia_SRR20326404.,2_2.,Russia_SRR20326404._2_2.
1708779.031,9.260935244,15993.13042,0.019329,0.019631,Russia_SRR20326404.,2_2.,Russia_SRR20326404._2_2.
1859542.26,9.260935244,14364.19333,0.01736,0.017589,Russia_SRR20326404.,2_2.,Russia_SRR20326404._2_2.
2023095.024,9.527430545,12377.40045,0.014959,0.01513,Russia_SRR20326404.,2_2.,Russia_SRR20326404._2_2.
2200522.619,9.527430545,10820.00088,0.013077,0.013195,Russia_SRR20326404.,2_2.,Russia_SRR20326404._2_2.
2393001.356,9.750348486,9099.487863,0.010997,0.011078,Russia_SRR20326404.,2_2.,Russia_SRR20326404._2_2.
2601808.134,9.750348486,7702.081556,0.009309,0.009357,Russia_SRR20326404.,2_2.,Russia_SRR20326404._2_2.
2828328.657,9.900684153,6299.646081,0.007614,0.007644,Russia_SRR20326404.,2_2.,Russia_SRR20326404._2_2.
3074065.644,9.900684153,5126.457048,0.006196,0.006211,Russia_SRR20326404.,2_2.,Russia_SRR20326404._2_2.
3340648.41,9.964798236,4049.179537,0.004894,0.004903,Russia_SRR20326404.,2_2.,Russia_SRR20326404._2_2.
3629845.865,9.964798236,3138.77312,0.003793,0.003798,Russia_SRR20326404.,2_2.,Russia_SRR20326404._2_2.
3943576.783,9.95375615,2366.853999,0.002861,0.002864,Russia_SRR20326404.,2_2.,Russia_SRR20326404._2_2.
4283921.429,9.95375615,1728.111587,0.002089,0.002092,Russia_SRR20326404.,2_2.,Russia_SRR20326404._2_2.
4653138.673,9.881111667,1227.160939,0.001483,0.001487,Russia_SRR20326404.,2_2.,Russia_SRR20326404._2_2.
5053676.933,9.881111667,832.53574,0.001006,0.00101,Russia_SRR20326404.,2_2.,Russia_SRR20326404._2_2.
5488193.341,9.718303108,549.60065,0.000664,0.000667,Russia_SRR20326404.,2_2.,Russia_SRR20326404._2_2.
5959570.159,9.718303108,339.981549,0.000411,0.000414,Russia_SRR20326404.,2_2.,Russia_SRR20326404._2_2.
6470935.316,9.718303108,200.538841,0.000242,0.000244,Russia_SRR20326404.,2_2.,Russia_SRR20326404._2_2.
7025679.51,9.718303108,112.33892,0.000136,0.000137,Russia_SRR20326404.,2_2.,Russia_SRR20326404._2_2.
0,3.4140743,15538.96548,0.01877,0.015263,Russia_SRR20326404.,1_1_1_1.,Russia_SRR20326404._1_1_1_1.
5805.1161,3.185665785,17695.01096,0.021374,0.01463,Russia_SRR20326404.,1_1_1_1.,Russia_SRR20326404._1_1_1_1.
12102.94511,5.664308767,10604.19419,0.012809,0.008684,Russia_SRR20326404.,1_1_1_1.,Russia_SRR20326404._1_1_1_1.
18934.54643,6.187334094,10390.29974,0.012551,0.008874,Russia_SRR20326404.,1_1_1_1.,Russia_SRR20326404._1_1_1_1.
26345.76974,7.946348723,8668.751337,0.010471,0.007815,Russia_SRR20326404.,1_1_1_1.,Russia_SRR20326404._1_1_1_1.
34385.88634,7.946348723,9294.041765,0.011227,0.009345,Russia_SRR20326404.,1_1_1_1.,Russia_SRR20326404._1_1_1_1.
43108.27344,10.82759943,7318.711114,0.00884,0.007955,Russia_SRR20326404.,1_1_1_1.,Russia_SRR20326404._1_1_1_1.
52570.41423,10.82759943,7859.738627,0.009494,0.009015,Russia_SRR20326404.,1_1_1_1.,Russia_SRR20326404._1_1_1_1.
62835.26646,11.80648529,7738.041287,0.009347,0.009221,Russia_SRR20326404.,1_1_1_1.,Russia_SRR20326404._1_1_1_1.
73970.57817,11.80648529,8303.611003,0.01003,0.010244,Russia_SRR20326404.,1_1_1_1.,Russia_SRR20326404._1_1_1_1.
86050.9406,10.86738351,9666.323227,0.011676,0.012187,Russia_SRR20326404.,1_1_1_1.,Russia_SRR20326404._1_1_1_1.
99155.73528,10.86738351,10341.13132,0.012491,0.013228,Russia_SRR20326404.,1_1_1_1.,Russia_SRR20326404._1_1_1_1.
113372.5556,9.832616414,12202.52264,0.01474,0.015705,Russia_SRR20326404.,1_1_1_1.,Russia_SRR20326404._1_1_1_1.
128795.1539,9.832616414,12999.21968,0.015702,0.016757,Russia_SRR20326404.,1_1_1_1.,Russia_SRR20326404._1_1_1_1.
145526.1788,9.103734142,14921.12142,0.018024,0.01916,Russia_SRR20326404.,1_1_1_1.,Russia_SRR20326404._1_1_1_1.
163676.4905,9.103734142,15816.59132,0.019105,0.02026,Russia_SRR20326404.,1_1_1_1.,Russia_SRR20326404._1_1_1_1.
183365.8457,8.817305882,17269.03093,0.02086,0.022016,Russia_SRR20326404.,1_1_1_1.,Russia_SRR20326404._1_1_1_1.
204726.3189,8.817305882,18214.19594,0.022001,0.02311,Russia_SRR20326404.,1_1_1_1.,Russia_SRR20326404._1_1_1_1.
227898.8806,9.060925042,18658.08055,0.022538,0.02354,Russia_SRR20326404.,1_1_1_1.,Russia_SRR20326404._1_1_1_1.
253036.8194,9.060925042,19599.37067,0.023675,0.02457,Russia_SRR20326404.,1_1_1_1.,Russia_SRR20326404._1_1_1_1.
280307.1102,9.501831551,19596.02272,0.023671,0.024463,Russia_SRR20326404.,1_1_1_1.,Russia_SRR20326404._1_1_1_1.
309891.0987,9.501831551,20504.47211,0.024768,0.025456,Russia_SRR20326404.,1_1_1_1.,Russia_SRR20326404._1_1_1_1.
341984.5013,9.806946507,20737.29091,0.025049,0.025665,Russia_SRR20326404.,1_1_1_1.,Russia_SRR20326404._1_1_1_1.
376800.1428,9.806946507,21589.64996,0.026079,0.026628,Russia_SRR20326404.,1_1_1_1.,Russia_SRR20326404._1_1_1_1.
414569.3245,9.725900833,22580.94718,0.027276,0.02782,Russia_SRR20326404.,1_1_1_1.,Russia_SRR20326404._1_1_1_1.
455543.193,9.725900833,23329.03257,0.02818,0.028741,Russia_SRR20326404.,1_1_1_1.,Russia_SRR20326404._1_1_1_1.
499992.0561,9.352260212,24933.3992,0.030118,0.03073,Russia_SRR20326404.,1_1_1_1.,Russia_SRR20326404._1_1_1_1.
548212.226,9.352260212,25478.12153,0.030776,0.031448,Russia_SRR20326404.,1_1_1_1.,Russia_SRR20326404._1_1_1_1.
600522.5973,8.941984955,27049.13772,0.032673,0.033408,Russia_SRR20326404.,1_1_1_1.,Russia_SRR20326404._1_1_1_1.
657270.122,8.941984955,27259.31467,0.032927,0.033712,Russia_SRR20326404.,1_1_1_1.,Russia_SRR20326404._1_1_1_1.
718832.5468,8.659965916,28150.64083,0.034004,0.034821,Russia_SRR20326404.,1_1_1_1.,Russia_SRR20326404._1_1_1_1.
785616.3598,8.659965916,27921.6773,0.033727,0.034555,Russia_SRR20326404.,1_1_1_1.,Russia_SRR20326404._1_1_1_1.
858066.3712,8.546562628,27830.90895,0.033618,0.034434,Russia_SRR20326404.,1_1_1_1.,Russia_SRR20326404._1_1_1_1.
936661.6074,8.546562628,27132.03534,0.032774,0.033561,Russia_SRR20326404.,1_1_1_1.,Russia_SRR20326404._1_1_1_1.
1021924.207,8.582201884,26109.78834,0.031539,0.032279,Russia_SRR20326404.,1_1_1_1.,Russia_SRR20326404._1_1_1_1.
1114420.107,8.582201884,24991.03732,0.030187,0.030868,Russia_SRR20326404.,1_1_1_1.,Russia_SRR20326404._1_1_1_1.
1214762.459,8.739215241,23271.74234,0.028111,0.028719,Russia_SRR20326404.,1_1_1_1.,Russia_SRR20326404._1_1_1_1.
1323616.426,8.739215241,21845.68848,0.026388,0.026918,Russia_SRR20326404.,1_1_1_1.,Russia_SRR20326404._1_1_1_1.
1441705.339,8.982733308,19751.1919,0.023858,0.024306,Russia_SRR20326404.,1_1_1_1.,Russia_SRR20326404._1_1_1_1.
1569811.38,8.982733308,18157.80312,0.021933,0.022299,Russia_SRR20326404.,1_1_1_1.,Russia_SRR20326404._1_1_1_1.
1708784.477,9.261011896,16010.07415,0.019339,0.01963,Russia_SRR20326404.,1_1_1_1.,Russia_SRR20326404._1_1_1_1.
1859547.099,9.261011896,14379.43753,0.017369,0.017589,Russia_SRR20326404.,1_1_1_1.,Russia_SRR20326404._1_1_1_1.
2023099.042,9.527501458,12390.57402,0.014967,0.01513,Russia_SRR20326404.,1_1_1_1.,Russia_SRR20326404._1_1_1_1.
2200525.645,9.527501458,10831.54207,0.013084,0.013195,Russia_SRR20326404.,1_1_1_1.,Russia_SRR20326404._1_1_1_1.
2393002.573,9.750458714,9109.180099,0.011003,0.011078,Russia_SRR20326404.,1_1_1_1.,Russia_SRR20326404._1_1_1_1.
2601808.144,9.750458714,7710.319327,0.009314,0.009357,Russia_SRR20326404.,1_1_1_1.,Russia_SRR20326404._1_1_1_1.
2828326.745,9.900722153,6306.462492,0.007618,0.007644,Russia_SRR20326404.,1_1_1_1.,Russia_SRR20326404._1_1_1_1.
3074060.464,9.900722153,5132.020297,0.006199,0.006211,Russia_SRR20326404.,1_1_1_1.,Russia_SRR20326404._1_1_1_1.
3340640.729,9.964854151,4053.582145,0.004896,0.004903,Russia_SRR20326404.,1_1_1_1.,Russia_SRR20326404._1_1_1_1.
3629834.464,9.964854151,3142.201726,0.003796,0.003798,Russia_SRR20326404.,1_1_1_1.,Russia_SRR20326404._1_1_1_1.
3943561.196,9.953842764,2369.446458,0.002862,0.002864,Russia_SRR20326404.,1_1_1_1.,Russia_SRR20326404._1_1_1_1.
4283901.952,9.953842764,1730.018489,0.00209,0.002092,Russia_SRR20326404.,1_1_1_1.,Russia_SRR20326404._1_1_1_1.
4653113.632,9.881063406,1228.539781,0.001484,0.001487,Russia_SRR20326404.,1_1_1_1.,Russia_SRR20326404._1_1_1_1.
5053645.429,9.881063406,833.474471,0.001007,0.00101,Russia_SRR20326404.,1_1_1_1.,Russia_SRR20326404._1_1_1_1.
5488155.255,9.718046666,550.231992,0.000665,0.000668,Russia_SRR20326404.,1_1_1_1.,Russia_SRR20326404._1_1_1_1.
5959524.113,9.718046666,340.369828,0.000411,0.000414,Russia_SRR20326404.,1_1_1_1.,Russia_SRR20326404._1_1_1_1.
6470880.045,9.718046666,200.766529,0.000243,0.000244,Russia_SRR20326404.,1_1_1_1.,Russia_SRR20326404._1_1_1_1.
7025614.558,9.718046666,112.465722,0.000136,0.000137,Russia_SRR20326404.,1_1_1_1.,Russia_SRR20326404._1_1_1_1.
0,1.831004652,23362.03767,0.031445,0.096917,Lebanon,4,Lebanon_4
5239.310298,1.831004652,24531.3776,0.033018,0.01813,Lebanon,4,Lebanon_4
10929.98113,1.831004652,25684.42361,0.03457,0.017958,Lebanon,4,Lebanon_4
17110.94385,1.831004652,26806.84007,0.036081,0.02152,Lebanon,4,Lebanon_4
23824.17135,6.403829589,8101.480387,0.010904,0.007402,Lebanon,4,Lebanon_4
31115.28632,6.403829589,8682.869939,0.011687,0.009084,Lebanon,4,Lebanon_4
39034.77787,9.644285191,6187.925755,0.008329,0.006791,Lebanon,4,Lebanon_4
47636.17664,9.644285191,6651.623835,0.008953,0.007358,Lebanon,4,Lebanon_4
56978.48798,12.01770913,5739.617214,0.007725,0.006598,Lebanon,4,Lebanon_4
67125.58366,12.01770913,6173.429453,0.008309,0.007441,Lebanon,4,Lebanon_4
78146.81017,11.63890942,6849.116375,0.009219,0.008655,Lebanon,4,Lebanon_4
90116.98875,11.63890942,7351.054142,0.009894,0.009677,Lebanon,4,Lebanon_4
103118.2402,10.79362457,8494.360621,0.011433,0.011395,Lebanon,4,Lebanon_4
117239.3768,10.79362457,9087.162553,0.012231,0.012301,Lebanon,4,Lebanon_4
132576.5103,9.932890213,10541.9614,0.014189,0.014362,Lebanon,4,Lebanon_4
149235.4853,9.932890213,11229.16885,0.015114,0.015404,Lebanon,4,Lebanon_4
167328.2295,9.535537277,12432.92356,0.016734,0.017057,Lebanon,4,Lebanon_4
186980.0533,9.535537277,13184.2627,0.017746,0.01803,Lebanon,4,Lebanon_4
208324.175,9.692755849,13728.96271,0.018479,0.018676,Lebanon,4,Lebanon_4
231506.5871,9.692755849,14502.89463,0.01952,0.019625,Lebanon,4,Lebanon_4
256686.0566,10.07181132,14717.45211,0.019809,0.019843,Lebanon,4,Lebanon_4
284034.1249,10.07181132,15489.1721,0.020848,0.020786,Lebanon,4,Lebanon_4
313738.1492,10.43752561,15697.49381,0.021128,0.021002,Lebanon,4,Lebanon_4
346000.0859,10.43752561,16449.1797,0.02214,0.021916,Lebanon,4,Lebanon_4
381040.7489,10.48144782,17113.19479,0.023034,0.022754,Lebanon,4,Lebanon_4
419099.8094,10.48144782,17820.76785,0.023986,0.023658,Lebanon,4,Lebanon_4
460437.0127,10.14243663,19093.04857,0.025699,0.025335,Lebanon,4,Lebanon_4
505334.0027,10.14243663,19699.19274,0.026514,0.02616,Lebanon,4,Lebanon_4
554098.5807,9.672681863,21187.32962,0.028517,0.028144,Lebanon,4,Lebanon_4
607063.4881,9.672681863,21594.18391,0.029065,0.028715,Lebanon,4,Lebanon_4
664590.0567,9.289859064,22756.6081,0.03063,0.030264,Lebanon,4,Lebanon_4
727071.25,9.289859064,22857.93189,0.030766,0.030414,Lebanon,4,Lebanon_4
794934.0964,9.057916047,23363.03607,0.031446,0.031083,Lebanon,4,Lebanon_4
868642.1225,9.057916047,23084.20249,0.031071,0.03071,Lebanon,4,Lebanon_4
948699.0029,8.974101626,22823.4857,0.03072,0.030355,Lebanon,4,Lebanon_4
1035650.993,8.974101626,22147.49741,0.02981,0.029439,Lebanon,4,Lebanon_4
1130092.405,9.007281768,21210.57774,0.028549,0.028183,Lebanon,4,Lebanon_4
1232668.039,9.007281768,20180.00657,0.027162,0.026786,Lebanon,4,Lebanon_4
1344078.661,9.11465409,18774.69058,0.02527,0.024907,Lebanon,4,Lebanon_4
1465085.255,9.11465409,17475.31447,0.023521,0.023152,Lebanon,4,Lebanon_4
1596514.507,9.243130364,15847.07928,0.02133,0.020979,Lebanon,4,Lebanon_4
1739263.662,9.243130364,14384.05442,0.01936,0.019014,Lebanon,4,Lebanon_4
1894308.437,9.332467896,12745.04446,0.017154,0.016833,Lebanon,4,Lebanon_4
2062707.279,9.332467896,11224.59104,0.015108,0.014807,Lebanon,4,Lebanon_4
2245609.88,9.335744435,9705.710815,0.013064,0.012793,Lebanon,4,Lebanon_4
2444266.91,9.335744435,8232.756031,0.011081,0.010844,Lebanon,4,Lebanon_4
2660034.276,9.240012813,6897.426646,0.009284,0.009079,Lebanon,4,Lebanon_4
2894385.894,9.240012813,5579.508594,0.00751,0.007341,Lebanon,4,Lebanon_4
3148922.209,9.078211234,4466.042622,0.006011,0.005872,Lebanon,4,Lebanon_4
3425382.358,9.078211234,3405.093498,0.004583,0.004475,Lebanon,4,Lebanon_4
3725654.513,8.911930336,2556.236184,0.003441,0.003356,Lebanon,4,Lebanon_4
4051789.261,8.911930336,1814.681773,0.002443,0.00238,Lebanon,4,Lebanon_4
4406014.815,8.782755896,1256.083305,0.001691,0.001645,Lebanon,4,Lebanon_4
4790749.785,8.782755896,820.05843,0.001104,0.001073,Lebanon,4,Lebanon_4
5208622.648,8.676047177,517.083404,0.000696,0.000675,Lebanon,4,Lebanon_4
5662487.56,8.676047177,305.850003,0.000412,0.000399,Lebanon,4,Lebanon_4
6155444.429,8.676047177,171.703684,0.000231,0.000224,Lebanon,4,Lebanon_4
6690860.212,8.676047177,91.081819,0.000123,0.000118,Lebanon,4,Lebanon_4
0,1.172189636,35511.59036,0.048731,0.097387,Lebanon,2_2.,Lebanon__2_2.
5243.84417,1.172189636,36582.70853,0.050201,0.023606,Lebanon,2_2.,Lebanon__2_2.
10938.98782,2.885560766,15511.4187,0.021286,0.012166,Lebanon,2_2.,Lebanon__2_2.
17125.01863,2.885560766,16426.84149,0.022542,0.015189,Lebanon,2_2.,Lebanon__2_2.
23843.35138,4.495263406,11199.88278,0.015369,0.010956,Lebanon,2_2.,Lebanon__2_2.
31140.27322,4.495263406,11934.5523,0.016377,0.012603,Lebanon,2_2.,Lebanon__2_2.
39065.11647,9.51821251,6030.767779,0.008276,0.006699,Lebanon,2_2.,Lebanon__2_2.
47672.69482,9.51821251,6481.552331,0.008894,0.007337,Lebanon,2_2.,Lebanon__2_2.
57020.8672,12.37440088,5360.810905,0.007356,0.006352,Lebanon,2_2.,Lebanon__2_2.
67174.801,12.37440088,5767.45867,0.007914,0.007212,Lebanon,2_2.,Lebanon__2_2.
78202.09978,11.82449903,6486.561783,0.008901,0.00852,Lebanon,2_2.,Lebanon__2_2.
90179.50274,11.82449903,6963.019047,0.009555,0.009547,Lebanon,2_2.,Lebanon__2_2.
103188.0123,10.84657275,8135.18625,0.011164,0.011363,Lebanon,2_2.,Lebanon__2_2.
117315.9395,10.84657275,8703.26869,0.011943,0.012264,Lebanon,2_2.,Lebanon__2_2.
132660.7309,9.936533797,10142.48278,0.013918,0.014379,Lebanon,2_2.,Lebanon__2_2.
149327.1416,9.936533797,10803.32847,0.014825,0.015416,Lebanon,2_2.,Lebanon__2_2.
167427.8441,9.528476237,11974.18984,0.016432,0.017084,Lebanon,2_2.,Lebanon__2_2.
187087.6919,9.528476237,12697.09962,0.017424,0.018052,Lebanon,2_2.,Lebanon__2_2.
208440.0651,9.685947975,13220.41098,0.018142,0.018696,Lebanon,2_2.,Lebanon__2_2.
231630.5244,9.685947975,13964.87266,0.019163,0.019643,Lebanon,2_2.,Lebanon__2_2.
256818.0295,10.06782369,14166.37497,0.01944,0.019854,Lebanon,2_2.,Lebanon__2_2.
284173.7211,10.06782369,14908.45747,0.020458,0.020795,Lebanon,2_2.,Lebanon__2_2.
313885.1839,10.43542154,15105.32617,0.020728,0.021006,Lebanon,2_2.,Lebanon__2_2.
346154.6193,10.43542154,15827.96666,0.02172,0.02192,Lebanon,2_2.,Lebanon__2_2.
381203.1095,10.48031756,16464.67187,0.022594,0.022754,Lebanon,2_2.,Lebanon__2_2.
419268.7895,10.48031756,17144.74889,0.023527,0.023658,Lebanon,2_2.,Lebanon__2_2.
460611.7198,10.14163532,18367.51318,0.025205,0.025334,Lebanon,2_2.,Lebanon__2_2.
505514.4955,10.14163532,18949.90688,0.026004,0.026158,Lebanon,2_2.,Lebanon__2_2.
554283.4644,9.672279154,20379.94202,0.027966,0.028139,Lebanon,2_2.,Lebanon__2_2.
607251.1629,9.672279154,20770.58451,0.028502,0.02871,Lebanon,2_2.,Lebanon__2_2.
664779.9704,9.289773638,21887.27153,0.030035,0.030257,Lebanon,2_2.,Lebanon__2_2.
727262.1094,9.289773638,21984.10082,0.030168,0.030406,Lebanon,2_2.,Lebanon__2_2.
795123.2998,9.058095774,22468.69807,0.030833,0.031073,Lebanon,2_2.,Lebanon__2_2.
868827.6308,9.058095774,22200.08816,0.030464,0.0307,Lebanon,2_2.,Lebanon__2_2.
948878.1704,8.974456432,21948.5747,0.030119,0.030344,Lebanon,2_2.,Lebanon__2_2.
1035821.229,8.974456432,21298.28523,0.029227,0.029428,Lebanon,2_2.,Lebanon__2_2.
1130249.402,9.007739146,20396.97921,0.02799,0.028172,Lebanon,2_2.,Lebanon__2_2.
1232808.884,9.007739146,19405.97917,0.02663,0.026776,Lebanon,2_2.,Lebanon__2_2.
1344198.244,9.11519338,18054.58059,0.024775,0.024897,Lebanon,2_2.,Lebanon__2_2.
1465178.175,9.11519338,16805.33042,0.023061,0.023143,Lebanon,2_2.,Lebanon__2_2.
1596574.537,9.243604167,15240.00864,0.020913,0.020972,Lebanon,2_2.,Lebanon__2_2.
1739284.447,9.243604167,13833.49058,0.018983,0.019008,Lebanon,2_2.,Lebanon__2_2.
1894281.761,9.332821772,12257.90482,0.016821,0.016829,Lebanon,2_2.,Lebanon__2_2.
2062624.385,9.332821772,10796.13369,0.014815,0.014804,Lebanon,2_2.,Lebanon__2_2.
2245460.97,9.335922345,9335.9994,0.012811,0.012792,Lebanon,2_2.,Lebanon__2_2.
2444040.659,9.335922345,7919.757402,0.010868,0.010843,Lebanon,2_2.,Lebanon__2_2.
2659717.351,9.239866869,6636.019069,0.009106,0.009079,Lebanon,2_2.,Lebanon__2_2.
2893964.316,9.239866869,5368.599144,0.007367,0.007343,Lebanon,2_2.,Lebanon__2_2.
3148380.287,9.077571249,4297.951523,0.005898,0.005874,Lebanon,2_2.,Lebanon__2_2.
3424701.641,9.077571249,3277.356985,0.004497,0.004477,Lebanon,2_2.,Lebanon__2_2.
3724813.969,8.910666294,2460.866104,0.003377,0.003358,Lebanon,2_2.,Lebanon__2_2.
4050766.694,8.910666294,1747.247239,0.002398,0.002382,Lebanon,2_2.,Lebanon__2_2.
4404783.425,8.7806983,1209.715599,0.00166,0.001647,Lebanon,2_2.,Lebanon__2_2.
4789282.056,8.7806983,789.921269,0.001084,0.001074,Lebanon,2_2.,Lebanon__2_2.
5206885.727,8.673029517,498.223847,0.000684,0.000677,Lebanon,2_2.,Lebanon__2_2.
5660445.36,8.673029517,294.746001,0.000404,0.0004,Lebanon,2_2.,Lebanon__2_2.
6153056.101,8.673029517,165.504634,0.000227,0.000224,Lebanon,2_2.,Lebanon__2_2.
6688081.684,8.673029517,87.815458,0.000121,0.000119,Lebanon,2_2.,Lebanon__2_2.
0,0.610119051,65136.9946,0.091585,0.103168,Lebanon,1_1_1_1.,Lebanon_1_1_1_1.
5247.478321,2.84947157,14258.39129,0.020048,0.012079,Lebanon,1_1_1_1.,Lebanon_1_1_1_1.
10947.33597,2.313629026,18575.09427,0.026117,0.016185,Lebanon,1_1_1_1.,Lebanon_1_1_1_1.
17136.76317,2.331330405,19401.28516,0.027279,0.018296,Lebanon,1_1_1_1.,Lebanon_1_1_1_1.
23859.65657,4.669020835,10260.08305,0.014426,0.010377,Lebanon,1_1_1_1.,Lebanon_1_1_1_1.
31161.13215,4.669020835,10940.53983,0.015383,0.012094,Lebanon,1_1_1_1.,Lebanon_1_1_1_1.
39091.18333,9.736346929,5616.077436,0.007896,0.006546,Lebanon,1_1_1_1.,Lebanon_1_1_1_1.
47703.46157,9.736346929,6037.129909,0.008488,0.007192,Lebanon,1_1_1_1.,Lebanon_1_1_1_1.
57057.10539,12.44503192,5079.293557,0.007142,0.006333,Lebanon,1_1_1_1.,Lebanon_1_1_1_1.
67216.13075,12.44503192,5464.726484,0.007684,0.007189,Lebanon,1_1_1_1.,Lebanon_1_1_1_1.
78249.43099,11.82322511,6181.82257,0.008692,0.008538,Lebanon,1_1_1_1.,Lebanon_1_1_1_1.
90231.99622,11.82322511,6635.686785,0.00933,0.009561,Lebanon,1_1_1_1.,Lebanon_1_1_1_1.
103246.7423,10.83520415,7759.748615,0.010911,0.011386,Lebanon,1_1_1_1.,Lebanon_1_1_1_1.
117380.8529,10.83520415,8301.221856,0.011672,0.012285,Lebanon,1_1_1_1.,Lebanon_1_1_1_1.
132731.8761,9.929413194,9670.289897,0.013597,0.014396,Lebanon,1_1_1_1.,Lebanon_1_1_1_1.
149404.6761,9.929413194,10299.89361,0.014482,0.015432,Lebanon,1_1_1_1.,Lebanon_1_1_1_1.
167512.0429,9.525697064,11410.84421,0.016044,0.017093,Lebanon,1_1_1_1.,Lebanon_1_1_1_1.
187178.3504,9.525697064,12099.26522,0.017012,0.018061,Lebanon,1_1_1_1.,Lebanon_1_1_1_1.
208537.1174,9.685799275,12593.99905,0.017708,0.018699,Lebanon,1_1_1_1.,Lebanon_1_1_1_1.
231734.0566,9.685799275,13302.75178,0.018704,0.019645,Lebanon,1_1_1_1.,Lebanon_1_1_1_1.
256928.2931,10.06864787,13492.96825,0.018972,0.019854,Lebanon,1_1_1_1.,Lebanon_1_1_1_1.
284290.5363,10.06864787,14199.36295,0.019965,0.020795,Lebanon,1_1_1_1.,Lebanon_1_1_1_1.
314008.5662,10.43639314,14386.29433,0.020228,0.021005,Lebanon,1_1_1_1.,Lebanon_1_1_1_1.
346283.5758,10.43639314,15074.12261,0.021195,0.021918,Lebanon,1_1_1_1.,Lebanon_1_1_1_1.
381337.4869,10.48083018,15680.76461,0.022048,0.022753,Lebanon,1_1_1_1.,Lebanon_1_1_1_1.
419408.0732,10.48083018,16328.00926,0.022958,0.023657,Lebanon,1_1_1_1.,Lebanon_1_1_1_1.
460756.2758,10.14162882,17492.90293,0.024596,0.025333,Lebanon,1_1_1_1.,Lebanon_1_1_1_1.
505662.5455,10.14162882,18047.05074,0.025375,0.026156,Lebanon,1_1_1_1.,Lebanon_1_1_1_1.
554434.7685,9.672185495,19408.58456,0.027289,0.028137,Lebanon,1_1_1_1.,Lebanon_1_1_1_1.
607404.6083,9.672185495,19780.07803,0.027812,0.028706,Lebanon,1_1_1_1.,Lebanon_1_1_1_1.
664933.6027,9.289801084,20842.74623,0.029306,0.030251,Lebanon,1_1_1_1.,Lebanon_1_1_1_1.
727414.9923,9.289801084,20934.48437,0.029435,0.0304,Lebanon,1_1_1_1.,Lebanon_1_1_1_1.
795273.7212,9.058145122,21395.46927,0.030083,0.031066,Lebanon,1_1_1_1.,Lebanon_1_1_1_1.
868973.7525,9.058145122,21139.32824,0.029723,0.030692,Lebanon,1_1_1_1.,Lebanon_1_1_1_1.
949017.4589,8.974577989,20899.36907,0.029385,0.030336,Lebanon,1_1_1_1.,Lebanon_1_1_1_1.
1035950.5,8.974577989,20279.98138,0.028514,0.02942,Lebanon,1_1_1_1.,Lebanon_1_1_1_1.
1130366.091,9.00784688,19421.70962,0.027308,0.028163,Lebanon,1_1_1_1.,Lebanon_1_1_1_1.
1232908.658,9.00784688,18478.09289,0.025981,0.026768,Lebanon,1_1_1_1.,Lebanon_1_1_1_1.
1344277.499,9.115198292,17191.57503,0.024172,0.024891,Lebanon,1_1_1_1.,Lebanon_1_1_1_1.
1465231.661,9.115198292,16002.19835,0.0225,0.023137,Lebanon,1_1_1_1.,Lebanon_1_1_1_1.
1596597.254,9.243417238,14512.21715,0.020405,0.020967,Lebanon,1_1_1_1.,Lebanon_1_1_1_1.
1739270.501,9.243417238,13173.13772,0.018522,0.019004,Lebanon,1_1_1_1.,Lebanon_1_1_1_1.
1894223.226,9.332443739,11673.31267,0.016413,0.016826,Lebanon,1_1_1_1.,Lebanon_1_1_1_1.
2062513.824,9.332443739,10281.6059,0.014456,0.014802,Lebanon,1_1_1_1.,Lebanon_1_1_1_1.
2245289.707,9.335124926,8891.810807,0.012502,0.012791,Lebanon,1_1_1_1.,Lebanon_1_1_1_1.
2443797.66,9.335124926,7543.294557,0.010606,0.010843,Lebanon,1_1_1_1.,Lebanon_1_1_1_1.
2659392.383,9.238719964,6321.159271,0.008888,0.00908,Lebanon,1_1_1_1.,Lebanon_1_1_1_1.
2893543.803,9.238719964,5114.191926,0.007191,0.007344,Lebanon,1_1_1_1.,Lebanon_1_1_1_1.
3147849.272,9.075971206,4094.780554,0.005757,0.005876,Lebanon,1_1_1_1.,Lebanon_1_1_1_1.
3424043.925,9.075971206,3122.674676,0.004391,0.004479,Lebanon,1_1_1_1.,Lebanon_1_1_1_1.
3724011.661,8.908566743,2345.058795,0.003297,0.00336,Lebanon,1_1_1_1.,Lebanon_1_1_1_1.
4049799.161,8.908566743,1665.179764,0.002341,0.002384,Lebanon,1_1_1_1.,Lebanon_1_1_1_1.
4403628.082,8.777971448,1153.097623,0.001621,0.001649,Lebanon,1_1_1_1.,Lebanon_1_1_1_1.
4787912.132,8.777971448,753.029206,0.001059,0.001075,Lebanon,1_1_1_1.,Lebanon_1_1_1_1.
5205272.914,8.669414541,475.053615,0.000668,0.000677,Lebanon,1_1_1_1.,Lebanon_1_1_1_1.
5658557.615,8.669414541,281.064946,0.000395,0.0004,Lebanon,1_1_1_1.,Lebanon_1_1_1_1.
6150858.509,8.669414541,157.841436,0.000222,0.000224,Lebanon,1_1_1_1.,Lebanon_1_1_1_1.
6685533.08,8.669414541,83.761987,0.000118,0.000119,Lebanon,1_1_1_1.,Lebanon_1_1_1_1.
0,3.374772987,14150.84326,0.017158,0.078424,Kyrgyzstan_WLF180.,4,4
5240.700453,3.374772987,15108.62502,0.018319,0.012151,Kyrgyzstan_WLF180.,4,4
10939.61733,3.374772987,16105.48792,0.019528,0.009129,Kyrgyzstan_WLF180.,4,4
17136.33478,3.374772987,17138.33206,0.02078,0.011117,Kyrgyzstan_WLF180.,4,4
23874.63526,13.02023833,4761.32422,0.005773,0.004016,Kyrgyzstan_WLF180.,4,4
31201.30003,13.02023833,5143.905275,0.006237,0.004807,Kyrgyzstan_WLF180.,4,4
39168.50818,10.4147049,6937.032777,0.008411,0.006667,Kyrgyzstan_WLF180.,4,4
47832.03737,10.4147049,7470.812282,0.009058,0.007766,Kyrgyzstan_WLF180.,4,4
57252.46332,11.88256911,7050.69282,0.008549,0.007674,Kyrgyzstan_WLF180.,4,4
67496.35938,11.88256911,7590.803094,0.009204,0.008497,Kyrgyzstan_WLF180.,4,4
78635.09694,11.46434575,8461.262478,0.010259,0.009723,Kyrgyzstan_WLF180.,4,4
90747.24453,11.46434575,9088.8827,0.01102,0.01067,Kyrgyzstan_WLF180.,4,4
103917.968,9.840046484,11349.23765,0.013761,0.013513,Kyrgyzstan_WLF180.,4,4
118239.0307,9.840046484,12134.22842,0.014713,0.014689,Kyrgyzstan_WLF180.,4,4
133811.7919,9.144441068,13929.4738,0.01689,0.016887,Kyrgyzstan_WLF180.,4,4
150745.4079,9.144441068,14824.08711,0.017974,0.017868,Kyrgyzstan_WLF180.,4,4
169158.6311,9.149266408,15738.30015,0.019083,0.018841,Kyrgyzstan_WLF180.,4,4
189181.0097,9.149266408,16683.68166,0.020229,0.019891,Kyrgyzstan_WLF180.,4,4
210952.8873,9.305940005,17353.76122,0.021042,0.020635,Kyrgyzstan_WLF180.,4,4
234627.2029,9.305940005,18320.48486,0.022214,0.021732,Kyrgyzstan_WLF180.,4,4
260370.0897,9.66847431,18579.65456,0.022528,0.021992,Kyrgyzstan_WLF180.,4,4
288362.0754,9.66847431,19535.29824,0.023687,0.023022,Kyrgyzstan_WLF180.,4,4
318800.4811,9.963781003,19884.26232,0.02411,0.023371,Kyrgyzstan_WLF180.,4,4
351898.8211,9.963781003,20804.21837,0.025225,0.024368,Kyrgyzstan_WLF180.,4,4
387889.2025,9.871649732,21891.49023,0.026544,0.025616,Kyrgyzstan_WLF180.,4,4
427024.7239,9.871649732,22733.9727,0.027565,0.026591,Kyrgyzstan_WLF180.,4,4
469579.4755,9.510614825,24382.33285,0.029564,0.028527,Kyrgyzstan_WLF180.,4,4
515853.3371,9.510614825,25056.18749,0.030381,0.029338,Kyrgyzstan_WLF180.,4,4
566170.179,9.113642044,26700.25322,0.032374,0.031273,Kyrgyzstan_WLF180.,4,4
620883.8594,9.113642044,27076.32273,0.03283,0.031742,Kyrgyzstan_WLF180.,4,4
680378.8243,8.782595123,28277.02857,0.034286,0.033157,Kyrgyzstan_WLF180.,4,4
745072.5065,8.782595123,28223.08223,0.034221,0.033126,Kyrgyzstan_WLF180.,4,4
815418.9241,8.575371324,28601.14729,0.034679,0.033574,Kyrgyzstan_WLF180.,4,4
891912.8788,8.575371324,28034.06646,0.033992,0.032932,Kyrgyzstan_WLF180.,4,4
975090.5559,8.543815784,27324.83818,0.033132,0.032093,Kyrgyzstan_WLF180.,4,4
1065536.721,8.543815784,26268.81304,0.031851,0.030852,Kyrgyzstan_WLF180.,4,4
1163885.92,8.710235476,24538.54631,0.029753,0.0288,Kyrgyzstan_WLF180.,4,4
1270829.676,8.710235476,23131.67371,0.028047,0.027122,Kyrgyzstan_WLF180.,4,4
1387117.688,9.061156252,20765.62778,0.025179,0.02432,Kyrgyzstan_WLF180.,4,4
1513567.429,9.061156252,19199.27712,0.023279,0.022442,Kyrgyzstan_WLF180.,4,4
1651066.544,9.561860204,16664.10159,0.020205,0.01945,Kyrgyzstan_WLF180.,4,4
1800580.645,9.561860204,15111.87649,0.018323,0.017591,Kyrgyzstan_WLF180.,4,4
1963159.912,10.15373445,12777.78434,0.015493,0.014851,Kyrgyzstan_WLF180.,4,4
2139945.088,10.15373445,11354.08958,0.013767,0.013158,Kyrgyzstan_WLF180.,4,4
2332178.275,10.72876771,9438.154312,0.011444,0.010923,Kyrgyzstan_WLF180.,4,4
2541209.532,10.72876771,8189.572756,0.00993,0.009456,Kyrgyzstan_WLF180.,4,4
2768505.872,11.14581882,6738.288786,0.00817,0.007775,Kyrgyzstan_WLF180.,4,4
3015663.855,11.14581882,5668.604814,0.006873,0.006533,Kyrgyzstan_WLF180.,4,4
3284419.185,11.31100491,4604.427505,0.005583,0.005308,Kyrgyzstan_WLF180.,4,4
3576658.707,11.31100491,3713.14317,0.004502,0.004281,Kyrgyzstan_WLF180.,4,4
3894434.798,11.23842035,2932.942106,0.003556,0.003384,Kyrgyzstan_WLF180.,4,4
4239978.565,11.23842035,2234.531125,0.002709,0.002581,Kyrgyzstan_WLF180.,4,4
4615716.636,11.01764062,1676.931194,0.002033,0.001939,Kyrgyzstan_WLF180.,4,4
5024287.353,11.01764062,1187.134162,0.001439,0.001375,Kyrgyzstan_WLF180.,4,4
5468559.367,10.67390333,829.421233,0.001006,0.000962,Kyrgyzstan_WLF180.,4,4
5951653.228,10.67390333,534.030017,0.000648,0.000621,Kyrgyzstan_WLF180.,4,4
6476960.578,10.67390333,328.466564,0.000398,0.000383,Kyrgyzstan_WLF180.,4,4
7048170.538,10.67390333,192.230048,0.000233,0.000224,Kyrgyzstan_WLF180.,4,4
0,1.662724323,27940.60549,0.034551,0.078731,Kyrgyzstan_WLF180.,2_2.,
5244.639583,1.662724323,29269.94778,0.036195,0.017648,Kyrgyzstan_WLF180.,2_2.,
10947.9975,8.739351146,5915.029745,0.007314,0.003895,Kyrgyzstan_WLF180.,2_2.,
17149.10083,8.739351146,6378.846896,0.007888,0.005125,Kyrgyzstan_WLF180.,2_2.,
23891.78,7.951440729,7551.664538,0.009338,0.00689,Kyrgyzstan_WLF180.,2_2.,
31224.06833,7.951440729,8123.553442,0.010045,0.007599,Kyrgyzstan_WLF180.,2_2.,
39196.40083,9.821506667,7076.536295,0.008751,0.006938,Kyrgyzstan_WLF180.,2_2.,
47865.21667,9.821506667,7616.266003,0.009418,0.00807,Kyrgyzstan_WLF180.,2_2.,
57291.15792,12.09854594,6655.849138,0.00823,0.00744,Kyrgyzstan_WLF180.,2_2.,
67540.27042,12.09854594,7166.795904,0.008862,0.008302,Kyrgyzstan_WLF180.,2_2.,
78685.20458,11.62025948,8025.851905,0.009925,0.009572,Kyrgyzstan_WLF180.,2_2.,
90803.41417,11.62025948,8622.348792,0.010662,0.010534,Kyrgyzstan_WLF180.,2_2.,
103980.1583,9.888917083,10860.21641,0.01343,0.013461,Kyrgyzstan_WLF180.,2_2.,
118308.5017,9.888917083,11611.98476,0.014359,0.014637,Kyrgyzstan_WLF180.,2_2.,
133888.1133,9.153754635,13382.81606,0.016549,0.016891,Kyrgyzstan_WLF180.,2_2.,
150828.2692,9.153754635,14242.14832,0.017612,0.017867,Kyrgyzstan_WLF180.,2_2.,
169248.4521,9.146924896,15139.36295,0.018721,0.01886,Kyrgyzstan_WLF180.,2_2.,
189277.7517,9.146924896,16048.10397,0.019845,0.019907,Kyrgyzstan_WLF180.,2_2.,
211056.6654,9.301798281,16695.07239,0.020645,0.020654,Kyrgyzstan_WLF180.,2_2.,
234738.2996,9.301798281,17624.25706,0.021794,0.021747,Kyrgyzstan_WLF180.,2_2.,
260488.3692,9.665698542,17869.92629,0.022098,0.022003,Kyrgyzstan_WLF180.,2_2.,
288487.5996,9.665698542,18788.242,0.023233,0.023031,Kyrgyzstan_WLF180.,2_2.,
318932.9275,9.962154271,19120.68541,0.023644,0.023376,Kyrgyzstan_WLF180.,2_2.,
352038.1013,9.962154271,20004.52345,0.024737,0.024372,Kyrgyzstan_WLF180.,2_2.,
388034.2813,9.870768125,21047.64375,0.026027,0.025617,Kyrgyzstan_WLF180.,2_2.,
427175.4438,9.870768125,21856.8584,0.027028,0.026591,Kyrgyzstan_WLF180.,2_2.,
469735.9792,9.510238385,23439.65046,0.028985,0.028525,Kyrgyzstan_WLF180.,2_2.,
516013.6942,9.510238385,24086.66144,0.029785,0.029336,Kyrgyzstan_WLF180.,2_2.,
566334.0146,9.113560833,25665.53583,0.031737,0.031269,Kyrgyzstan_WLF180.,2_2.,
621050.5858,9.113560833,26026.2861,0.032184,0.031737,Kyrgyzstan_WLF180.,2_2.,
680546.4738,8.782765365,27178.9625,0.033609,0.033149,Kyrgyzstan_WLF180.,2_2.,
745239.5683,8.782765365,27126.50519,0.033544,0.033118,Kyrgyzstan_WLF180.,2_2.,
815583.7846,8.575628438,27489.06035,0.033992,0.033564,Kyrgyzstan_WLF180.,2_2.,
892072.665,8.575628438,26943.62434,0.033318,0.032922,Kyrgyzstan_WLF180.,2_2.,
975242.9821,8.544106563,26261.60885,0.032475,0.032082,Kyrgyzstan_WLF180.,2_2.,
1065678.941,8.544106563,25246.51885,0.031219,0.030842,Kyrgyzstan_WLF180.,2_2.,
1164014.583,8.710483385,23583.68528,0.029163,0.028791,Kyrgyzstan_WLF180.,2_2.,
1270940.385,8.710483385,22231.63754,0.027491,0.027113,Kyrgyzstan_WLF180.,2_2.,
1387206.269,9.061242708,19958.17043,0.02468,0.024313,Kyrgyzstan_WLF180.,2_2.,
1513628.802,9.061242708,18452.96746,0.022819,0.022436,Kyrgyzstan_WLF180.,2_2.,
1651094.798,9.561717292,16017.01005,0.019806,0.019446,Kyrgyzstan_WLF180.,2_2.,
1800568.527,9.561717292,14525.38954,0.017962,0.017587,Kyrgyzstan_WLF180.,2_2.,
1963099.518,10.15325052,12282.62015,0.015188,0.014849,Kyrgyzstan_WLF180.,2_2.,
2139827.96,10.15325052,10914.44395,0.013497,0.013156,Kyrgyzstan_WLF180.,2_2.,
2331994.917,10.72776057,9073.444475,0.01122,0.010923,Kyrgyzstan_WLF180.,2_2.,
2540947.723,10.72776057,7873.422472,0.009736,0.009456,Kyrgyzstan_WLF180.,2_2.,
2768153.795,11.14426552,6478.74616,0.008011,0.007776,Kyrgyzstan_WLF180.,2_2.,
3015206.64,11.14426552,5450.536784,0.00674,0.006534,Kyrgyzstan_WLF180.,2_2.,
3283840.863,11.30886156,4427.771684,0.005475,0.005309,Kyrgyzstan_WLF180.,2_2.,
3575940.569,11.30886156,3570.906306,0.004416,0.004283,Kyrgyzstan_WLF180.,2_2.,
3893556.783,11.23557661,2820.96412,0.003488,0.003386,Kyrgyzstan_WLF180.,2_2.,
4238918.25,11.23557661,2149.379048,0.002658,0.002583,Kyrgyzstan_WLF180.,2_2.,
4614447.654,11.01410474,1613.268234,0.001995,0.001941,Kyrgyzstan_WLF180.,2_2.,
5022780.822,11.01410474,1142.166982,0.001412,0.001376,Kyrgyzstan_WLF180.,2_2.,
5466784.143,10.66937005,798.157357,0.000987,0.000963,Kyrgyzstan_WLF180.,2_2.,
5949571.98,10.66937005,513.944462,0.000636,0.000621,Kyrgyzstan_WLF180.,2_2.,
6474533.684,10.66937005,316.147306,0.000391,0.000383,Kyrgyzstan_WLF180.,2_2.,
7045352.21,10.66937005,185.04592,0.000229,0.000225,Kyrgyzstan_WLF180.,2_2.,
0,0.866812053,51928.05102,0.06531,0.083551,Kyrgyzstan_WLF180.,1_1_1_1.,
5251.774,4.271243239,10986.29183,0.013817,0.008611,Kyrgyzstan_WLF180.,1_1_1_1.,
10962.55184,5.0022286,10052.96404,0.012644,0.007309,Kyrgyzstan_WLF180.,1_1_1_1.,
17171.43609,6.526558328,8271.360455,0.010403,0.006705,Kyrgyzstan_WLF180.,1_1_1_1.,
23922.94349,8.109309461,7160.056924,0.009005,0.006627,Kyrgyzstan_WLF180.,1_1_1_1.,
31263.39553,8.109309461,7703.481652,0.009689,0.007421,Kyrgyzstan_WLF180.,1_1_1_1.,
39244.52791,10.04200112,6694.660067,0.00842,0.006785,Kyrgyzstan_WLF180.,1_1_1_1.,
47922.88893,10.04200112,7206.512496,0.009064,0.007919,Kyrgyzstan_WLF180.,1_1_1_1.,
57358.63638,12.16945359,6402.226495,0.008052,0.007421,Kyrgyzstan_WLF180.,1_1_1_1.,
67618.54538,12.16945359,6893.72544,0.00867,0.008279,Kyrgyzstan_WLF180.,1_1_1_1.,
78773.60211,11.61892789,7765.983265,0.009767,0.009597,Kyrgyzstan_WLF180.,1_1_1_1.,
90902.61327,11.61892789,8342.682945,0.010493,0.010554,Kyrgyzstan_WLF180.,1_1_1_1.,
104091.0029,9.879076086,10516.52078,0.013227,0.013494,Kyrgyzstan_WLF180.,1_1_1_1.,
118430.2108,9.879076086,11243.64032,0.014141,0.014666,Kyrgyzstan_WLF180.,1_1_1_1.,
134021.9036,9.148637614,12951.67686,0.016289,0.016912,Kyrgyzstan_WLF180.,1_1_1_1.,
150974.3654,9.148637614,13782.31712,0.017334,0.017886,Kyrgyzstan_WLF180.,1_1_1_1.,
169407.3101,9.145144361,14644.20306,0.018418,0.018872,Kyrgyzstan_WLF180.,1_1_1_1.,
189448.8738,9.145144361,15522.19296,0.019522,0.019918,Kyrgyzstan_WLF180.,1_1_1_1.,
211240.4272,9.302265539,16142.98354,0.020303,0.020659,Kyrgyzstan_WLF180.,1_1_1_1.,
234934.7711,9.302265539,17040.42735,0.021432,0.021752,Kyrgyzstan_WLF180.,1_1_1_1.,
260697.3395,9.667279692,17275.0127,0.021727,0.022003,Kyrgyzstan_WLF180.,1_1_1_1.,
288709.2071,9.667279692,18161.76926,0.022842,0.02303,Kyrgyzstan_WLF180.,1_1_1_1.,
319166.4884,9.96323545,18483.14963,0.023246,0.023375,Kyrgyzstan_WLF180.,1_1_1_1.,
352282.7435,9.96323545,19336.46941,0.024319,0.024371,Kyrgyzstan_WLF180.,1_1_1_1.,
388290.1814,9.871180378,20345.00401,0.025588,0.025616,Kyrgyzstan_WLF180.,1_1_1_1.,
427441.4648,9.871180378,21126.04759,0.02657,0.026589,Kyrgyzstan_WLF180.,1_1_1_1.,
470010.913,9.510261056,22655.56418,0.028494,0.028522,Kyrgyzstan_WLF180.,1_1_1_1.,
516296.3073,9.510261056,23279.67877,0.029279,0.029331,Kyrgyzstan_WLF180.,1_1_1_1.,
566623.101,9.113486331,24804.62917,0.031197,0.031262,Kyrgyzstan_WLF180.,1_1_1_1.,
621343.2172,9.113486331,25152.02003,0.031634,0.031728,Kyrgyzstan_WLF180.,1_1_1_1.,
680840.4626,8.782727931,26264.63734,0.033033,0.033138,Kyrgyzstan_WLF180.,1_1_1_1.,
745532.3321,8.782727931,26212.82423,0.032968,0.033106,Kyrgyzstan_WLF180.,1_1_1_1.,
815872.4154,8.575668961,26561.93469,0.033407,0.03355,Kyrgyzstan_WLF180.,1_1_1_1.,
892352.803,8.575668961,26034.07125,0.032743,0.032907,Kyrgyzstan_WLF180.,1_1_1_1.,
975510.7039,8.544257031,25374.12253,0.031913,0.032066,Kyrgyzstan_WLF180.,1_1_1_1.,
1065928.446,8.544257031,24392.94632,0.030679,0.030826,Kyrgyzstan_WLF180.,1_1_1_1.,
1164239.489,8.710565942,22786.33668,0.028658,0.028776,Kyrgyzstan_WLF180.,1_1_1_1.,
1271133.844,8.710565942,21480.01441,0.027015,0.027099,Kyrgyzstan_WLF180.,1_1_1_1.,
1387360.476,9.061224261,19283.82483,0.024253,0.024301,Kyrgyzstan_WLF180.,1_1_1_1.,
1513734.521,9.061224261,17829.83384,0.022425,0.022425,Kyrgyzstan_WLF180.,1_1_1_1.,
1651140.901,9.561292625,15477.22558,0.019466,0.019438,Kyrgyzstan_WLF180.,1_1_1_1.,
1800543.344,9.561292625,14036.38566,0.017654,0.017581,Kyrgyzstan_WLF180.,1_1_1_1.,
1962989.798,10.1521924,11870.35194,0.014929,0.014845,Kyrgyzstan_WLF180.,1_1_1_1.,
2139617.846,10.1521924,10548.64619,0.013267,0.013153,Kyrgyzstan_WLF180.,1_1_1_1.,
2331666.137,10.72578314,8770.563043,0.011031,0.010922,Kyrgyzstan_WLF180.,1_1_1_1.,
2540481.003,10.72578314,7611.099005,0.009572,0.009456,Kyrgyzstan_WLF180.,1_1_1_1.,
2767526.683,11.14139135,6263.822327,0.007878,0.007777,Kyrgyzstan_WLF180.,1_1_1_1.,
3014393.749,11.14139135,5270.171388,0.006628,0.006536,Kyrgyzstan_WLF180.,1_1_1_1.,
3282813.543,11.30486327,4282.066054,0.005386,0.005311,Kyrgyzstan_WLF180.,1_1_1_1.,
3574667.197,11.30486327,3453.760489,0.004344,0.004285,Kyrgyzstan_WLF180.,1_1_1_1.,
3892000.678,11.23045904,2729.018299,0.003432,0.003388,Kyrgyzstan_WLF180.,1_1_1_1.,
4237038.62,11.23045904,2079.591554,0.002615,0.002585,Kyrgyzstan_WLF180.,1_1_1_1.,
4612199.367,11.00768385,1561.304391,0.001964,0.001943,Kyrgyzstan_WLF180.,1_1_1_1.,
5020113.617,11.00768385,1105.542184,0.00139,0.001378,Kyrgyzstan_WLF180.,1_1_1_1.,
5463639.467,10.66140748,772.807698,0.000972,0.000965,Kyrgyzstan_WLF180.,1_1_1_1.,
5945887.675,10.66140748,497.697723,0.000626,0.000623,Kyrgyzstan_WLF180.,1_1_1_1.,
6470237.304,10.66140748,306.213532,0.000385,0.000384,Kyrgyzstan_WLF180.,1_1_1_1.,
7040364.595,10.66140748,179.275668,0.000225,0.000225,Kyrgyzstan_WLF180.,1_1_1_1.,